장,조,내용,LABEL 1,LABEL 1 근거,LABEL 2,LABEL 2 근거
제1장 총칙,제1조 (목적),"이 약관은 주식회사 웹젠(이하 “회사”라 합니다)이 온라인으로 제공하는 게임 및 이에 부수된 제반 서비스(이하 “게임서비스”라 합니다)의 이용과 관련하여 회사와 회원 간의 권리, 의무 및 책임사항, 기타 필요한 사항을 규정함을 목적으로 합니다.",0,,,
제1장 총칙,제2조 (용어의 정의),① 이 약관에서 사용하는 용어의 정의는 다음과 같습니다.,0,,,
제1장 총칙,제2조 (용어의 정의),① 이 약관에서 사용하는 용어의 정의는 다음과 같습니다.1. “회사”라 함은 온라인을 통하여 게임서비스를 제공하는 사업자를 의미합니다.,0,,,
제1장 총칙,제2조 (용어의 정의),① 이 약관에서 사용하는 용어의 정의는 다음과 같습니다.2. “회원”이라 함은 이 약관에 동의하고 게임서비스 이용 자격을 부여 받은 자를 의미합니다.,0,,,
제1장 총칙,제2조 (용어의 정의),"① 이 약관에서 사용하는 용어의 정의는 다음과 같습니다.3. “게임서비스”라 함은 회사가 회원에게 온라인으로 제공하는 게임 및 이에 부수된 제반 서비스(예: 아이템의 제공, 상품의 제공 등)를 의미합니다.",0,,,
제1장 총칙,제2조 (용어의 정의),"① 이 약관에서 사용하는 용어의 정의는 다음과 같습니다.4. “게임세계”라 함은 게임서비스를 통해 다중의 회원이 일정한 규칙(이하 “게임규칙”이라 합니다)에 따라 오락을 하거나 오락에 부수하여 여가선용, 친목도모, 정보매개 등을 할 수 있도록 게임성을 구현한 가변적인 가상세계를 의미합니다.",0,,,
제1장 총칙,제2조 (용어의 정의),"① 이 약관에서 사용하는 용어의 정의는 다음과 같습니다.5. “계정(ID)”이라 함은 회원의 식별과 게임서비스 이용을 위하여 회원이 선정하고 회사가 부여하는 문자, 숫자 또는 특수문자의 조합을 의미합니다.",0,,,
제1장 총칙,제2조 (용어의 정의),"① 이 약관에서 사용하는 용어의 정의는 다음과 같습니다.6. “계정정보“라 함은 회원의 계정, 비밀번호, 성명 등 회원이 회사에 제공한 일반정보 및 게임이용정보, 이용요금 결제상태 등 생성정보를 통칭합니다.",0,,,
제1장 총칙,제2조 (용어의 정의),① 이 약관에서 사용하는 용어의 정의는 다음과 같습니다.7. “캐릭터”라 함은 회원이 게임서비스의 이용을 위하여 회사가 게임세계 내에서 제공하는 방식에 따라 선정하고 조종하는 게임데이터를 의미합니다.,0,,,
제1장 총칙,제2조 (용어의 정의),"① 이 약관에서 사용하는 용어의 정의는 다음과 같습니다.8. “비밀번호”라 함은 회원이 부여 받은 계정과 일치되는 회원임을 확인하고 회원의 정보 및 권익보호를 위해 회원 자신이 선정하여 비밀로 관리하는 문자, 숫자 또는 특수문자의 조합을 의미합니다.",0,,,
제1장 총칙,제2조 (용어의 정의),"① 이 약관에서 사용하는 용어의 정의는 다음과 같습니다.9. “캐시”라 함은 게임서비스를 이용 또는 구매하기 위해 사용되는 가상의 데이터로서 회원이 대금을 지급하고 구입하는 것을 의미합니다.(예: 웹젠 캐시, 뮤 캐시, 썬 캐시, 메틴 캐시 등)",0,,,
제1장 총칙,제2조 (용어의 정의),① 이 약관에서 사용하는 용어의 정의는 다음과 같습니다.10. “충전”이라 함은 회원이 회사에 대금을 지급하고 캐시를 구매하는 것을 의미합니다.,0,,,
제1장 총칙,제2조 (용어의 정의),① 이 약관에서 사용하는 용어의 정의는 다음과 같습니다.11. “프리미엄서비스”라 함은 회원이 캐시를 사용하여 이용할 수 있는 유료 게임서비스의 한 형태를 의미합니다.,0,,,
제1장 총칙,제2조 (용어의 정의),① 이 약관에서 사용하는 용어의 정의는 다음과 같습니다.12. “보너스 캐시”라 함은 게임서비스를 이용 또는 구매하기 위해 사용되는 가상의 데이터로서 회사가 임의로 책정하고 무료로 지급하는 일체의 재산적 가치가 없는 것을 말합니다.,0,,,
제1장 총칙,제2조 (용어의 정의),"① 이 약관에서 사용하는 용어의 정의는 다음과 같습니다.13. “게시물”이라 함은 회원이 게임서비스를 이용함에 있어 회원이 게시한 문자, 문서, 그림, 음성, 영상 또는 이들의 조합으로 이루어진 모든 정보를 말합니다.",0,,,
제1장 총칙,제2조 (용어의 정의),② 이 약관에서 사용하는 용어의 정의는 제1항 각 호에서 정하는 것을 제외하고는 관련 법령 및 기타 일반적인 상관례에 의합니다.,0,,,
제1장 총칙,제3조 (회사정보 등의 제공),"회사는 다음 각 호의 사항을 각 게임서비스별 홈페이지 또는 회사의 홈페이지(www.webzen.co.kr)의 초기화면에 게시하여, 회원이 이를 쉽게 알 수 있도록 합니다. 다만, 개인정보취급방침과 게임서비스 이용약관은 회원이 연결화면을 통하여 볼 수 있도록 할 수 있습니다.",0,,,
제1장 총칙,제3조 (회사정보 등의 제공),"회사는 다음 각 호의 사항을 각 게임서비스별 홈페이지 또는 회사의 홈페이지(www.webzen.co.kr)의 초기화면에 게시하여, 회원이 이를 쉽게 알 수 있도록 합니다. 다만, 개인정보취급방침과 게임서비스 이용약관은 회원이 연결화면을 통하여 볼 수 있도록 할 수 있습니다.1. 상호 및 대표자의 성명",0,,,
제1장 총칙,제3조 (회사정보 등의 제공),"회사는 다음 각 호의 사항을 각 게임서비스별 홈페이지 또는 회사의 홈페이지(www.webzen.co.kr)의 초기화면에 게시하여, 회원이 이를 쉽게 알 수 있도록 합니다. 다만, 개인정보취급방침과 게임서비스 이용약관은 회원이 연결화면을 통하여 볼 수 있도록 할 수 있습니다.2. 영업소 소재지 주소(회원의 불만을 처리할 수 있는 곳의 주소를 포함한다) 및 전자우편주소",0,,,
제1장 총칙,제3조 (회사정보 등의 제공),"회사는 다음 각 호의 사항을 각 게임서비스별 홈페이지 또는 회사의 홈페이지(www.webzen.co.kr)의 초기화면에 게시하여, 회원이 이를 쉽게 알 수 있도록 합니다. 다만, 개인정보취급방침과 게임서비스 이용약관은 회원이 연결화면을 통하여 볼 수 있도록 할 수 있습니다.3. 전화번호, 모사전송번호(Fax 번호)",0,,,
제1장 총칙,제3조 (회사정보 등의 제공),"회사는 다음 각 호의 사항을 각 게임서비스별 홈페이지 또는 회사의 홈페이지(www.webzen.co.kr)의 초기화면에 게시하여, 회원이 이를 쉽게 알 수 있도록 합니다. 다만, 개인정보취급방침과 게임서비스 이용약관은 회원이 연결화면을 통하여 볼 수 있도록 할 수 있습니다.4. 사업자등록번호, 통신판매업 신고번호",0,,,
제1장 총칙,제3조 (회사정보 등의 제공),"회사는 다음 각 호의 사항을 각 게임서비스별 홈페이지 또는 회사의 홈페이지(www.webzen.co.kr)의 초기화면에 게시하여, 회원이 이를 쉽게 알 수 있도록 합니다. 다만, 개인정보취급방침과 게임서비스 이용약관은 회원이 연결화면을 통하여 볼 수 있도록 할 수 있습니다.5. 개인정보취급방침",0,,,
제1장 총칙,제3조 (회사정보 등의 제공),"회사는 다음 각 호의 사항을 각 게임서비스별 홈페이지 또는 회사의 홈페이지(www.webzen.co.kr)의 초기화면에 게시하여, 회원이 이를 쉽게 알 수 있도록 합니다. 다만, 개인정보취급방침과 게임서비스 이용약관은 회원이 연결화면을 통하여 볼 수 있도록 할 수 있습니다.6. 게임서비스 이용약관",0,,,
제1장 총칙,제4조 (약관의 명시와 개정),① 회사는 이 약관의 내용을 회원이 알 수 있도록 각 게임서비스별 홈페이지나 회사의 홈페이지(www.webzen.co.kr)의 초기화면에 게시 또는 그 연결화면을 제공하는 방법으로 회원에게 공지합니다.,0,,,
제1장 총칙,제4조 (약관의 명시와 개정),② 회사는 회원이 회사와 이 약관의 내용에 관하여 질의 및 응답을 할 수 있도록 조치를 취합니다.,0,,,
제1장 총칙,제4조 (약관의 명시와 개정),"③ 회사는 게임서비스를 이용하고자 하는 자(이하 “이용자”라 합니다)가 약관의 내용을 쉽게 알 수 있도록 작성하고 약관에 동의하기에 앞서 약관에 정하여져 있는 내용 중 청약철회, 과오금의 환불, 계약의 해지, 회사의 면책사항 및 회원에 대한 피해보상 등과 같은 중요한 내용을 회원이 쉽게 이해할 수 있도록 굵은 글씨 등으로 처리하거나 별도의 연결화면 또는 팝업화면 등을 제공하고 이용자의 동의를 얻도록 합니다.",0,,,
제1장 총칙,제4조 (약관의 명시와 개정),"④ 회사는 「전자상거래등에서의소비자보호에관한법률」, 「약관의규제에관한법률」, 「게임산업진흥에관한법률」, 「정보통신망이용촉진및정보보호등에관한법률」, 「콘텐츠산업진흥법」 등 관련 법령에 위배하지 않는 범위에서 이 약관을 개정할 수 있습니다.",0,,,
제1장 총칙,제4조 (약관의 명시와 개정),"⑤ 회사가 약관을 변경할 경우에는 적용일자 및 변경사유를 명시하여 현행약관과 함께 사이트 초기화면에 그 적용일자 7일(“이용자”에게 불리한 변경 또는 중대한 사항의 변경은 30일) 이전부터 적용일자 이후 상당한 기간 동안 공지합니다. 다만 회원에게 불리한 약관의 개정의 경우에는 공지 외에 일정기간 서비스 내 전자우편, 문자메시지, 전자쪽지, 로그인시 동의창 등의 전자적 수단을 통해 따로 명확히 통지하도록 합니다.",0,,,
제1장 총칙,제4조 (약관의 명시와 개정),⑥ 회사가 이 약관을 개정할 경우에는 개정약관 공지 후 개정약관의 적용에 대한 회원의 동의 여부를 확인합니다. 개정약관 공지 시 회원이 동의 또는 거부의 의사표시를 하지 않으면 승낙한 것으로 간주하겠다는 내용도 함께 공지한 경우에는 회원이 약관 시행일까지 거부의사를 표시하지 않는다면 개정약관에 동의한 것으로 간주할 수 있습니다.,0,,,
제1장 총칙,제4조 (약관의 명시와 개정),⑦ 회원이 개정약관의 적용에 동의하지 않는 경우 회사 또는 회원은 게임서비스 이용계약을 해지할 수 있습니다.,0,,,
제1장 총칙,제5조 (약관 외 준칙),"이 약관에서 정하지 아니한 사항과 이 약관의 해석에 관하여는 「전자상거래등에서의소비자보호에 관한법률」, 「약관의규제에관한법률」, 「게임산업진흥에관한법률」, 「정보통신망이용촉진및정보보호등에관한법률」, 「콘텐츠산업진흥법」 등 관련 법령에 따릅니다.",0,,,
제1장 총칙,제6조 (운영정책),① 이 약관을 적용하기 위하여 필요한 사항과 회원의 권익을 보호하고 게임세계 내 질서를 유지하기 위하여 회사는 이 약관에서 구체적 범위를 정하여 위임한 사항을 게임서비스 운영정책(이하 “운영정책”이라 합니다)으로 정할 수 있습니다.,0,,,
제1장 총칙,제6조 (운영정책),② 회사는 운영정책의 내용을 회원이 알 수 있도록 각 게임서비스별 홈페이지에 게시하거나 그 연결화면을 제공하는 방법으로 회원에게 공지하여야 합니다.,0,,,
제1장 총칙,제6조 (운영정책),"③ 회원의 권리 또는 의무에 중대한 변경을 가져오거나 이 약관 내용을 변경하는 것과 동일한 효력이 발생하는 운영정책 개정의 경우에는 제4조의 절차에 따릅니다. 다만, 운영정책 개정이 다음 각 호의 어느 하나에 해당하는 경우에는 본 조 제2항의 방법으로 사전에 공지합니다.",0,,,
제1장 총칙,제6조 (운영정책),"③ 회원의 권리 또는 의무에 중대한 변경을 가져오거나 이 약관 내용을 변경하는 것과 동일한 효력이 발생하는 운영정책 개정의 경우에는 제4조의 절차에 따릅니다. 다만, 운영정책 개정이 다음 각 호의 어느 하나에 해당하는 경우에는 본 조 제2항의 방법으로 사전에 공지합니다.1. 이 약관에서 구체적으로 범위를 정하여 위임한 사항을 개정하는 경우",0,,,
제1장 총칙,제6조 (운영정책),"③ 회원의 권리 또는 의무에 중대한 변경을 가져오거나 이 약관 내용을 변경하는 것과 동일한 효력이 발생하는 운영정책 개정의 경우에는 제4조의 절차에 따릅니다. 다만, 운영정책 개정이 다음 각 호의 어느 하나에 해당하는 경우에는 본 조 제2항의 방법으로 사전에 공지합니다.2. 회원의 권리ㆍ의무와 관련 없는 사항을 개정하는 경우",0,,,
제1장 총칙,제6조 (운영정책),"③ 회원의 권리 또는 의무에 중대한 변경을 가져오거나 이 약관 내용을 변경하는 것과 동일한 효력이 발생하는 운영정책 개정의 경우에는 제4조의 절차에 따릅니다. 다만, 운영정책 개정이 다음 각 호의 어느 하나에 해당하는 경우에는 본 조 제2항의 방법으로 사전에 공지합니다.3. 운영정책의 내용이 이 약관에서 정한 내용과 근본적으로 다르지 않고 회원이 예측 가능한 범위 내에서 운영정책을 개정하는 경우",0,,,
제2장 이용계약의 체결,제7조 (이용신청 및 방법),① 회사가 제공하는 게임서비스를 이용하고자 하는 자는 회사가 각 게임서비스별 홈페이지 또는 회사의 홈페이지(www.webzen.co.kr)에서 제공하는 이용신청서를 작성하는 방법으로 이용신청(회원가입을 포함한다)을 하여야 합니다.,0,,,
제2장 이용계약의 체결,제7조 (이용신청 및 방법),② 이용자는 이용신청 시 회사에서 요구하는 제반 정보를 제공하여야 합니다.,0,,,
제2장 이용계약의 체결,제7조 (이용신청 및 방법),"③ 이용자는 제1항의 이용신청 시 본인의 실명 및 실제 정보를 기재하여야 합니다. 실명 또는 식별정보를 허위로 기재하거나 타인의 명의를 도용한 경우 이 약관에 의한 회원의 권리를 주장할 수 없고, 회사는 캐시 등의 환불 없이 이용계약을 취소하거나 해지할 수 있습니다.",0,,,
제2장 이용계약의 체결,제8조 (이용신청의 승낙과 제한),① 회사는 회사가 이용자에게 요구하는 정보에 대해 이용자가 실명 및 실제 정보를 정확히 기재하여 이용신청을 한 경우에 상당한 이유가 없는 한 이용신청을 승낙합니다.,0,,,
제2장 이용계약의 체결,제8조 (이용신청의 승낙과 제한),② 회사는 다음 각 호의 어느 하나에 해당하는 이용신청에 대해서는 승낙을 하지 않을 수 있습니다.,0,,,
제2장 이용계약의 체결,제8조 (이용신청의 승낙과 제한),② 회사는 다음 각 호의 어느 하나에 해당하는 이용신청에 대해서는 승낙을 하지 않을 수 있습니다.1. 제7조에 위반하여 이용신청을 하는 경우,0,,,
제2장 이용계약의 체결,제8조 (이용신청의 승낙과 제한),② 회사는 다음 각 호의 어느 하나에 해당하는 이용신청에 대해서는 승낙을 하지 않을 수 있습니다.2. 이용요금을 납부하지 않거나 잘못 납부하여 확인할 수 없는 경우,0,,,
제2장 이용계약의 체결,제8조 (이용신청의 승낙과 제한),② 회사는 다음 각 호의 어느 하나에 해당하는 이용신청에 대해서는 승낙을 하지 않을 수 있습니다.3. 청소년(만18세 미만의 자로서 「초ㆍ중등교육법」 제2조의 규정에 의한 고등학교에 재학 중인 학생을 포함한다)이 청소년이용불가 게임서비스를 신청한 경우,0,,,
제2장 이용계약의 체결,제8조 (이용신청의 승낙과 제한),② 회사는 다음 각 호의 어느 하나에 해당하는 이용신청에 대해서는 승낙을 하지 않을 수 있습니다.4. 최근 3개월 내 이용제한 기록이 있는 이용자가 이용신청을 하는 경 우,0,,,
제2장 이용계약의 체결,제8조 (이용신청의 승낙과 제한),"② 회사는 다음 각 호의 어느 하나에 해당하는 이용신청에 대해서는 승낙을 하지 않을 수 있습니다.5. 제3자의 신용카드, 유ㆍ무선 전화, 은행계좌 등의 결제수단을 무단으로 이용 또는 도용하여 캐시 등의 게임서비스 이용요금을 결 제하는 경우",0,,,
제2장 이용계약의 체결,제8조 (이용신청의 승낙과 제한),② 회사는 다음 각 호의 어느 하나에 해당하는 이용신청에 대해서는 승낙을 하지 않을 수 있습니다.6. 회사가 사전에 고지한 계정 수 이상의 계정을 보유한 이용자가 추가계정에 대한 이용신청을 하는 경우,0,,,
제2장 이용계약의 체결,제8조 (이용신청의 승낙과 제한),② 회사는 다음 각 호의 어느 하나에 해당하는 이용신청에 대해서는 승낙을 하지 않을 수 있습니다.7. 회원 명의의 계정에 대해 회사로부터 이용계약을 해지 당한 이용자가 이용신청을 하는 경우,0,,,
제2장 이용계약의 체결,제8조 (이용신청의 승낙과 제한),② 회사는 다음 각 호의 어느 하나에 해당하는 이용신청에 대해서는 승낙을 하지 않을 수 있습니다.8. 대한민국 이외의 국가 중 회사에서 아직 게임서비스를 제공할 것으로 결정하지 않은 국가에서 게임서비스를 이용하는 경우로 회사가 해외 서비스 업체와 체결한 계약이나 특정 국가에서 접속하는 회원에 대한 게임서비스 제공과 관련하여 게임서비스 제공을 제한할 필요가 있는 경우,0,,,
제2장 이용계약의 체결,제8조 (이용신청의 승낙과 제한),"② 회사는 다음 각 호의 어느 하나에 해당하는 이용신청에 대해서는 승낙을 하지 않을 수 있습니다.9. 「게임산업진흥에관한법률」, 「정보통신망이용촉진및정보보호등에관한법률」 및 그 밖의 관련 법령에서 금지하는 위법행위를 할 목적으로 이용신청을 하는 경우",0,,,
제2장 이용계약의 체결,제8조 (이용신청의 승낙과 제한),② 회사는 다음 각 호의 어느 하나에 해당하는 이용신청에 대해서는 승낙을 하지 않을 수 있습니다.10. 그 밖에 1호 내지 9호에 준하는 사유로서 승낙이 부적절하다고 판단되는 경우,0,,,
제2장 이용계약의 체결,제8조 (이용신청의 승낙과 제한),③ 회사는 다음 각 호의 어느 하나에 해당하는 경우에는 그 사유가 해소될 때까지 이용자의 게임서비스 이용신청에 대한 승낙을 유보할 수 있습니다.,0,,,
제2장 이용계약의 체결,제8조 (이용신청의 승낙과 제한),③ 회사는 다음 각 호의 어느 하나에 해당하는 경우에는 그 사유가 해소될 때까지 이용자의 게임서비스 이용신청에 대한 승낙을 유보할 수 있습니다.1. 회사의 설비에 여유가 없거나 기술적 장애가 있는 경우,0,,,
제2장 이용계약의 체결,제8조 (이용신청의 승낙과 제한),③ 회사는 다음 각 호의 어느 하나에 해당하는 경우에는 그 사유가 해소될 때까지 이용자의 게임서비스 이용신청에 대한 승낙을 유보할 수 있습니다.2. 게임서비스 상의 장애 또는 게임서비스 이용요금 결제수단의 장애가 발생한 경우,0,,,
제2장 이용계약의 체결,제8조 (이용신청의 승낙과 제한),③ 회사는 다음 각 호의 어느 하나에 해당하는 경우에는 그 사유가 해소될 때까지 이용자의 게임서비스 이용신청에 대한 승낙을 유보할 수 있습니다.3. 그 밖에 위 각 호에 준하는 사유로서 이용신청의 승낙이 곤란한 경우,0,,,
제2장 이용계약의 체결,제9조 (회원 계정(ID) 및 비밀번호),"① 회사는 회원에 대하여 회원의 정보 보호, 게임서비스 이용안내 등의 편의를 위해 회원이 선정한 일정한 문자, 숫자 또는 특수문자의 조합을 계정으로 부여합니다.",0,,,
제2장 이용계약의 체결,제9조 (회원 계정(ID) 및 비밀번호),② 회사는 계정정보를 통하여 당해 회원의 게임서비스 이용가능 여부 등의 제반 회원 관리업무를 수행합니다.,0,,,
제2장 이용계약의 체결,제9조 (회원 계정(ID) 및 비밀번호),③ 회원은 자신의 계정정보를 선량한 관리자로서의 주의 의무를 다하여 관리하여야 합니다. 회원이 본인의 계정정보를 소홀히 관리하거나 제3자에게 이용을 승낙함으로써 발생하는 손해에 대하여는 회원에게 책임이 있습니다.,0,,1,온라인 사업자 - 개인정보 유출에 있어 회사의 귀책사유 및 주의의무 위반여부를 떠나 일체의 책임을 부인하는 불공정조항
제2장 이용계약의 체결,제9조 (회원 계정(ID) 및 비밀번호),"④ 비밀번호의 관리책임은 회원에게 있으며, 회원이 원하는 경우에는 보안상의 이유 등으로 언제든지 변경이 가능합니다.",0,,,
제2장 이용계약의 체결,제9조 (회원 계정(ID) 및 비밀번호),"⑤ 회원은 정기적으로 비밀번호를 변경하여야 하며, 회사는 회원의 개인정보 보호를 위하여 일정기간을 정해 비밀번호의 변경을 요청할 수 있습니다.",0,,,
제2장 이용계약의 체결,제10조 (회원 정보의 제공 및 변경),"① 회원은 이 약관에 의하여 회사에 정보를 제공하여야 하는 경우에는 진실된 정보를 제공하여야 하며, 허위정보 제공으로 인해 발생한 불이익에 대해서는 보호받지 못합니다.",0,,,
제2장 이용계약의 체결,제10조 (회원 정보의 제공 및 변경),"② 회원은 개인정보관리화면을 통하여 언제든지 자신의 개인정보를 열람하고 수정할 수 있습니다. 다만, 게임서비스 관리를 위해 필요한 계정(ID) 등의 일부 정보는 수정이 불가능합니다.",0,,,
제2장 이용계약의 체결,제10조 (회원 정보의 제공 및 변경),③ 회원은 회원가입 신청 시 기재한 사항이 변경되었을 경우 온라인으로 수정을 하거나 기타 방법으로 회사에 대하여 그 변경사항을 알려야 합니다.,0,,,
제2장 이용계약의 체결,제10조 (회원 정보의 제공 및 변경),④ 제3항의 변경사항을 회사에 알리지 않아 발생한 불이익에 대하여 회사는 책임을 지지 않습니다.,0,,,
제2장 이용계약의 체결,제11조 (개인정보의 보호 및 관리),① 회사는 관련 법령이 정하는 바에 따라 계정정보를 포함한 회원의 개인정보를 보호하기 위해 노력합니다. 회원 개인정보의 보호 및 사용에 대해서는 관련 법령 및 회사가 별도로 고지하는 개인정보취급방침이 적용됩니다.,0,,,
제2장 이용계약의 체결,제11조 (개인정보의 보호 및 관리),② 게임서비스의 일부로 제공되는 개별 서비스를 제외한 것으로서 각 게임서비스별 홈페이지 또는 회사의 홈페이지(www.webzen.co.kr)를 통해 단순히 링크된 제3자 제공의 서비스에 대하여는 회사의 개인정보취급방침이 적용되지 않습니다.,0,,,
제2장 이용계약의 체결,제11조 (개인정보의 보호 및 관리),③ 회사는 회원의 귀책사유로 인하여 노출된 회원의 계정정보를 포함한 모든 정보에 대해서 일체의 책임을 지지 않습니다.,0,,1,온라인 사업자 - 개인정보 유출에 있어 회사의 귀책사유 및 주의의무 위반여부를 떠나 일체의 책임을 부인하는 불공정조항
제3장 계약 당사자의 의무,제12조 (회사의 의무),"① 회사는 관련 법령을 준수하고, 이 약관이 정하는 권리의 행사와 의무의 이행을 신의에 따라 성실하게 합니다.",0,,,
제3장 계약 당사자의 의무,제12조 (회사의 의무),② 회사는 회원이 안전하게 서비스를 이용할 수 있도록 개인정보(신용정보 포함)보호를 위해 보안시스템을 갖추어야 하며 개인정보취급방침을 공시하고 준수합니다. 회사는 이 약관 및 개인정보취급방침에서 정한 경우를 제외하고는 회원의 개인정보가 제3자에게 공개 또는 제공되지 않도록 합니다.,0,,,
제3장 계약 당사자의 의무,제12조 (회사의 의무),"③ 회사는 계속적이고 안정적인 게임서비스의 제공을 위하여 게임서비스 개선을 하던 중 설비에 장애가 생기거나 데이터 등이 멸실된 때에는 천재지변, 비상사태, 현재의 기술로는 해결이 불가능한 결함 및 장애 등 부득이한 사유가 없는 한 지체 없이 이를 수리 또는 복구하도록 최선의 노력을 다합니다.",0,,,
제3장 계약 당사자의 의무,제13조 (회원의 의무),① 회원은 다음 행위를 하여서는 아니됩니다.,0,,,
제3장 계약 당사자의 의무,제13조 (회원의 의무),① 회원은 다음 행위를 하여서는 아니됩니다.1. 신청 또는 변경 시 허위내용을 기재하는 행위,0,,,
제3장 계약 당사자의 의무,제13조 (회원의 의무),① 회원은 다음 행위를 하여서는 아니됩니다.2. 타인의 정보를 도용하는 행위,0,,,
제3장 계약 당사자의 의무,제13조 (회원의 의무),"① 회원은 다음 행위를 하여서는 아니됩니다.3. 회사의 임직원, 운영자, 기타 관계자를 사칭하는 행위",0,,,
제3장 계약 당사자의 의무,제13조 (회원의 의무),① 회원은 다음 행위를 하여서는 아니됩니다.4. 회사가 게시한 정보를 변경하는 행위,0,,,
제3장 계약 당사자의 의무,제13조 (회원의 의무),① 회원은 다음 행위를 하여서는 아니됩니다.5. 회사가 금지한 정보(예: 컴퓨터 프로그램 등)를 송신 또는 게시하는 행위,0,,,
제3장 계약 당사자의 의무,제13조 (회원의 의무),"① 회원은 다음 행위를 하여서는 아니됩니다.6. 회사가 제공 또는 승인하지 아니한 컴퓨터 프로그램이나 기기 또는 장치를 제작, 배포, 이용, 광고하는 행위",0,,,
제3장 계약 당사자의 의무,제13조 (회원의 의무),① 회원은 다음 행위를 하여서는 아니됩니다.7. 회사 및 기타 제3자의 저작권 등 지적재산권에 대한 침해 행위,0,,,
제3장 계약 당사자의 의무,제13조 (회원의 의무),① 회원은 다음 행위를 하여서는 아니됩니다.8. 회사 및 기타 제3자의 명예를 손상시키거나 업무를 방해하는 행위,0,,,
제3장 계약 당사자의 의무,제13조 (회원의 의무),① 회원은 다음 행위를 하여서는 아니됩니다.9. 회사 및 기타 제3자를 기망하여 부당한 이득을 얻는 행위,0,,,
제3장 계약 당사자의 의무,제13조 (회원의 의무),"① 회원은 다음 행위를 하여서는 아니됩니다.10. 외설 또는 폭력적인 말이나 글, 화상, 음향, 기타 공서양속에 반하는 정보를 공개 또는 게시하는 행위",0,,,
제3장 계약 당사자의 의무,제13조 (회원의 의무),"① 회원은 다음 행위를 하여서는 아니됩니다.11. 게임 데이터(예: 계정, 캐릭터, 게임아이템 등)를 유상으로 처분(예: 양도, 매매 등)하거나 권리의 객체(예: 담보제공, 대여 등)로  하는 등 게임서비스 본래의 목적을 일탈하여 사행적 또는 불건전한 방법으로 이용하는 행위",0,,,
제3장 계약 당사자의 의무,제13조 (회원의 의무),"① 회원은 다음 행위를 하여서는 아니됩니다.12. 회사의 동의 없이 영리, 영업, 광고, 정치활동 등을 목적으로 게임서비스를 사용하는 행위",0,,,
제3장 계약 당사자의 의무,제13조 (회원의 의무),① 회원은 다음 행위를 하여서는 아니됩니다.13. 프로그램상의 버그를 악용하는 행위,0,,,
제3장 계약 당사자의 의무,제13조 (회원의 의무),① 회원은 다음 행위를 하여서는 아니됩니다.14. 기타 관련 법령에서 금지하거나 선량한 풍속 기타 사회통념상 허용되지 않는 행위,0,,,
제3장 계약 당사자의 의무,제13조 (회원의 의무),① 회원은 다음 행위를 하여서는 아니됩니다.15. 1호 내지 14호의 행위를 교사 또는 유도하거나 이를 광고하는 행위,0,,,
제3장 계약 당사자의 의무,제13조 (회원의 의무),"② 회원은 이 약관의 규정, 이용안내 및 게임서비스와 관련하여 공지한 주의사항, 회사가 통지하는 사항 등을 확인하고 준수할 의무가 있습니다.",0,,,
제3장 계약 당사자의 의무,제13조 (회원의 의무),"③ 회사는 제1항, 제2항 및 다음 각 호의 어느 하나에 해당하는 행위의 구체적인 유형을 운영정책에서 정할 수 있으며, 회원은 이를 준수할 의무가 있습니다.",0,,,
제3장 계약 당사자의 의무,제13조 (회원의 의무),"③ 회사는 제1항, 제2항 및 다음 각 호의 어느 하나에 해당하는 행위의 구체적인 유형을 운영정책에서 정할 수 있으며, 회원은 이를 준수할 의무가 있습니다.1. 회원의 계정명, 캐릭터명, 혈맹명, 길드명에 대한 제한",0,,,
제3장 계약 당사자의 의무,제13조 (회원의 의무),"③ 회사는 제1항, 제2항 및 다음 각 호의 어느 하나에 해당하는 행위의 구체적인 유형을 운영정책에서 정할 수 있으며, 회원은 이를 준수할 의무가 있습니다.2. 채팅내용과 방법에 대한 제한",0,,,
제3장 계약 당사자의 의무,제13조 (회원의 의무),"③ 회사는 제1항, 제2항 및 다음 각 호의 어느 하나에 해당하는 행위의 구체적인 유형을 운영정책에서 정할 수 있으며, 회원은 이를 준수할 의무가 있습니다.3. 게시판이용에 대한 제한",0,,,
제3장 계약 당사자의 의무,제13조 (회원의 의무),"③ 회사는 제1항, 제2항 및 다음 각 호의 어느 하나에 해당하는 행위의 구체적인 유형을 운영정책에서 정할 수 있으며, 회원은 이를 준수할 의무가 있습니다.4. 게임플레이방법에 대한 제한",0,,,
제3장 계약 당사자의 의무,제13조 (회원의 의무),"③ 회사는 제1항, 제2항 및 다음 각 호의 어느 하나에 해당하는 행위의 구체적인 유형을 운영정책에서 정할 수 있으며, 회원은 이를 준수할 의무가 있습니다.5. 기타 회원의 게임서비스 이용에 대한 본질적 권리를 침해하지 않는 범위 내에서 회사가 게임서비스 운영상 필요하다고 인정되는 사항",0,,,
제4장 서비스 이용,제14조 (서비스의 변경 및 내용수정),"① 회원은 회사가 제공하는 게임서비스를 이 약관, 운영정책 및 회사가 설정한 게임규칙에 따라 이용할 수 있습니다.",0,,,
제4장 서비스 이용,제14조 (서비스의 변경 및 내용수정),"② 회사가 게임서비스를 통하여 회원에게 제공하는 게임세계는 회사가 창조한 가상세계로서 회사는 게임 내용의 제작, 변경, 유지, 보수, 서버의 통합에 관한 포괄적인 권한을 가집니다.",0,,,
제4장 서비스 이용,제14조 (서비스의 변경 및 내용수정),③ 회사는 현실 세계로부터 게임세계를 보호하고 게임세계의 질서와 게임성을 유지하기 위하여 필요한 조치를 취합니다.,0,,,
제4장 서비스 이용,제14조 (서비스의 변경 및 내용수정),"④ 회사가 상당한 이유가 있는 경우에 운영상, 기술상의 필요에 따라 게임서비스 수정(패치)을 할 수 있으며, 게임서비스 수정(패치)을 하는 경우에는 변경 후 해당 게임사이트 등을 통하여 공지합니다.",0,,,
제4장 서비스 이용,제15조 (서비스의 제공 및 중단 등),① 게임서비스는 회사의 영업방침에 따라 정해진 시간 동안 제공합니다. 회사는 게임서비스 제공시간을 각 게임서비스별 홈페이지 또는 회사의 홈페이지(www.webzen.co.kr)에 적절한 방법으로 안내합니다.,0,,,
제4장 서비스 이용,제15조 (서비스의 제공 및 중단 등),"② 제1항에도 불구하고, 다음 각 호의 어느 하나에 해당하는 경우에는 일정한 시간 동안 게임서비스가 제공되지 아니할 수 있으며, 해당 시간 동안 회사는 게임서비스를 제공할 의무가 없습니다.",0,,,
제4장 서비스 이용,제15조 (서비스의 제공 및 중단 등),"② 제1항에도 불구하고, 다음 각 호의 어느 하나에 해당하는 경우에는 일정한 시간 동안 게임서비스가 제공되지 아니할 수 있으며, 해당 시간 동안 회사는 게임서비스를 제공할 의무가 없습니다.1. 컴퓨터 등 정보통신설비의 보수점검, 교체, 정기점검 또는 게임 내용이나 게임서비스의 수정을 위하여 필요한 경우",0,,,
제4장 서비스 이용,제15조 (서비스의 제공 및 중단 등),"② 제1항에도 불구하고, 다음 각 호의 어느 하나에 해당하는 경우에는 일정한 시간 동안 게임서비스가 제공되지 아니할 수 있으며, 해당 시간 동안 회사는 게임서비스를 제공할 의무가 없습니다.2. 해킹 등의 전자적 침해사고, 통신사고, 회원들의 비정상적인 게임 이용행태, 미처 예상하지 못한 게임서비스의 불안정성에 대응하기 위하여 필요한 경우",0,,,
제4장 서비스 이용,제15조 (서비스의 제공 및 중단 등),"② 제1항에도 불구하고, 다음 각 호의 어느 하나에 해당하는 경우에는 일정한 시간 동안 게임서비스가 제공되지 아니할 수 있으며, 해당 시간 동안 회사는 게임서비스를 제공할 의무가 없습니다.3. 관련 법령에서 특정 시간 또는 방법으로 게임서비스 제공을 금지하는 경우",0,,,
제4장 서비스 이용,제15조 (서비스의 제공 및 중단 등),"② 제1항에도 불구하고, 다음 각 호의 어느 하나에 해당하는 경우에는 일정한 시간 동안 게임서비스가 제공되지 아니할 수 있으며, 해당 시간 동안 회사는 게임서비스를 제공할 의무가 없습니다.4. 천재지변, 비상사태, 정전, 게임서비스 설비의 장애 또는 게임서비스 이용의 폭주 등으로 정상적인 게임서비스 제공이 불가능할 경우",0,,,
제4장 서비스 이용,제15조 (서비스의 제공 및 중단 등),"② 제1항에도 불구하고, 다음 각 호의 어느 하나에 해당하는 경우에는 일정한 시간 동안 게임서비스가 제공되지 아니할 수 있으며, 해당 시간 동안 회사는 게임서비스를 제공할 의무가 없습니다.5. 회사의 분할, 합병, 영업양도, 영업의 폐지, 당해 게임서비스의 수익 악화 등 회사의 경영상 중대한 필요에 의한 경우",0,,,
제4장 서비스 이용,제15조 (서비스의 제공 및 중단 등),"③ 회사는 본 조 제2항 1호의 경우, 매주 또는 격주 단위로 일정 시간을 정하여 게임서비스를 중지할 수 있습니다. 이 경우 회사는 최소한 24시간 전에 그 사실을 회원에게 각 게임서비스별 홈페이지 또는 회사의 홈페이지(www.webzen.co.kr)에 고지합니다.",0,,,
제4장 서비스 이용,제15조 (서비스의 제공 및 중단 등),"④ 제2항 2호의 경우, 회사는 사전 고지 없이 게임서비스를 일시 중지할 수 있습니다. 회사는 이러한 경우 그 사실을 각 게임서비스별 홈페이지 또는 회사의 홈페이지(www.webzen.co.kr)에 사후 고지할 수 있습니다.",0,,,
제4장 서비스 이용,제15조 (서비스의 제공 및 중단 등),"⑤ 회사는 회사가 제공하는 무료 게임서비스 이용과 관련하여 회원에게 발생한 어떠한 손해에 대해서도 책임을 지지 않습니다. 다만, 회사의 고의 또는 중대한 과실로 인하여 발생한 손해의 경우에는 예외로 합니다.",0,,,
제4장 서비스 이용,제15조 (서비스의 제공 및 중단 등),"⑥ 회사는 회사가 제공하는 유료 게임서비스 이용과 관련하여 회사의 귀책사유로 사전고지 없이 1일 4시간(누적시간) 이상 게임서비스가 중지되거나 장애가 발생한 경우 계속적 유료 게임서비스 이용계약 계정(예: 정액상품, 기간제 유료 아이템 등)에 한하여 서비스 중지ㆍ장애시간의 3배에 해당하는 이용시간을 무료로 연장하고, 회원은 회사에 대하여 별도의 손해배상을 청구할 수 없습니다. 다만, 회사가 서버점검 등의 사유로 서비스 중지ㆍ장애를 사전에 고지하였으나, 서비스 중지ㆍ장애시간이 10시간이 초과하는 경우에는 그 초과된 시간만큼 이용시간을 무료로 연장하고, 회원은 회사에 대하여 별도의 손해배상을 청구할 수 없습니다.",0,,,
제4장 서비스 이용,제15조 (서비스의 제공 및 중단 등),"⑦ 제2항 3호 내지 5호의 경우에 회사는 기술상ㆍ운영상 필요에 의해 게임서비스 전부를 중단할 수 있으며, 30일 전에 각 게임서비스별 홈페이지 또는 회사의 홈페이지(www.webzen.co.kr)의 초기화면이나 그 연결화면을 통해 이를 공지하고 게임서비스의 제공을 중단할 수 있습니다. 사전에 통지할 수 없는 부득이한 사정이 있는 경우에는 사후에 통지를 할 수 있습니다.",0,,,
제4장 서비스 이용,제15조 (서비스의 제공 및 중단 등),"⑧ 회사가 제7항에 따라 게임서비스를 종료하는 경우 회원은 무료 게임서비스 및 사용 기간이 남아 있지 않은 유료 게임서비스ㆍ계속적 유료 게임서비스 이용계약 등에 대하여 손해배상을 청구할 수 없습니다. 또한 영구 또는 사용기간에 제한을 두지 아니한 아이템 등의 유료 게임서비스의 경우에는 게임서비스 종료일까지를 사용기간 만료일로 보며, 회원은 게임서비스 종료와 관련하여 별도의 손해배상을 청구할 수 없습니다.",0,,,
제4장 서비스 이용,제16조 (정보의 제공),회사는 다음의 사항을 각 게임서비스별 홈페이지 또는 회사의 홈페이지(www.webzen.co.kr)에 회원이 알기 쉽게 표시합니다.,0,,,
제4장 서비스 이용,제16조 (정보의 제공),회사는 다음의 사항을 각 게임서비스별 홈페이지 또는 회사의 홈페이지(www.webzen.co.kr)에 회원이 알기 쉽게 표시합니다.1. 상호,0,,,
제4장 서비스 이용,제16조 (정보의 제공),회사는 다음의 사항을 각 게임서비스별 홈페이지 또는 회사의 홈페이지(www.webzen.co.kr)에 회원이 알기 쉽게 표시합니다.2. 게임물의 제명,0,,,
제4장 서비스 이용,제16조 (정보의 제공),회사는 다음의 사항을 각 게임서비스별 홈페이지 또는 회사의 홈페이지(www.webzen.co.kr)에 회원이 알기 쉽게 표시합니다.3. 이용등급,0,,,
제4장 서비스 이용,제16조 (정보의 제공),회사는 다음의 사항을 각 게임서비스별 홈페이지 또는 회사의 홈페이지(www.webzen.co.kr)에 회원이 알기 쉽게 표시합니다.4. 등급분류번호,0,,,
제4장 서비스 이용,제16조 (정보의 제공),회사는 다음의 사항을 각 게임서비스별 홈페이지 또는 회사의 홈페이지(www.webzen.co.kr)에 회원이 알기 쉽게 표시합니다.5. 제작연월일,0,,,
제4장 서비스 이용,제16조 (정보의 제공),회사는 다음의 사항을 각 게임서비스별 홈페이지 또는 회사의 홈페이지(www.webzen.co.kr)에 회원이 알기 쉽게 표시합니다.6. 게임물제작업자 또는 배급업자의 신고번호 또는 등록번호,0,,,
제4장 서비스 이용,제16조 (정보의 제공),회사는 다음의 사항을 각 게임서비스별 홈페이지 또는 회사의 홈페이지(www.webzen.co.kr)에 회원이 알기 쉽게 표시합니다.7. 기타 회사가 필요하다고 인정하는 사항,0,,,
제4장 서비스 이용,제17조 (정보의 수집 등),"① 회사는 게임서비스 내에서 회원 간에 이루어지는 모든 채팅 및 통신에 관한 내용을 저장ㆍ보관할 수 있습니다. 회사는 회원 간의 분쟁 조정, 민원 처리 또는 게임서비스 질서의 유지를 위하여 회사가 필요하다고 판단하는 경우에 한해 본 정보를 열람하도록 할 것이며, 본 정보는 회사 및 회사의 업무를 정당하게 위임 받아 처리하는 자만이 보유 및 열람하고 법령으로 권한을 부여 받지 아니한 제3자는 절대로 보유 및 열람할 수 없습니다. 회사는 해당 정보를 열람하기 전에 채팅 및 통신 정보의 열람이 필요한 사유 및 열람 범위를 개인에게 사전 고지하기로 합니다. 다만, 계정도용, 현금거래, 언어폭력, 게임 내 사기 등 기망행위, 버그 악용, 기타 현행 법령 위반행위 및 이 약관 제13조에서 정하는 중대한 약관 위반 행위의 조사, 처리, 확인 및 이의 구제와 관련하여 회원의 채팅 및 통신 정보를 열람해야 할 필요가 있는 경우에는, 사후에 채팅 및 통신 정보가 열람된 개인들에 대하여 열람한 사유와 열람한 정보 중 본인과 관련된 부분을 고지하기로 합니다.",0,,,
제4장 서비스 이용,제17조 (정보의 수집 등),"② 회사는 게임서비스 운영 및 프로그램 안정화 등 게임서비스 품질 개선을 위하여 회원 PC 등 단말기 설정 및 사양 정보, 기타 필요한 프로그램 정보를 수집ㆍ활용할 수 있습니다.",0,,,
제4장 서비스 이용,제18조 (이용상품),"① 회사는 회원이 별도 비용지급 없이 이용할 수 있는 게임서비스(이하 “무료 게임서비스”라 합니다)와 회사가 미리 책정한 요금을 지불하고 이용하는 게임서비스(이하 “유료 게임서비스”라 합니다 / 예: 프리미엄서비스, 각종 아이템, 정액상품, 정량상품 등)를 제공할 수 있으며, 회원은 게임서비스를 선택하여 이용할 수 있습니다.",0,,,
제4장 서비스 이용,제18조 (이용상품),② 게임서비스의 이용에 대한 대금 지급방법은 회사가 미리 정한 방법을 통하여 할 수 있습니다.,0,,,
제4장 서비스 이용,제18조 (이용상품),"③ 제1항의 유료 게임서비스 이용과 관련하여, 회원이 선택한 유료 게임서비스 이용신청 후, 다음 각 호에 해당하는 사항을 준수하여야 합니다.",0,,,
제4장 서비스 이용,제18조 (이용상품),"③ 제1항의 유료 게임서비스 이용과 관련하여, 회원이 선택한 유료 게임서비스 이용신청 후, 다음 각 호에 해당하는 사항을 준수하여야 합니다.1. 유료 게임서비스 이용을 신청한 회원은 게임서비스 이용요금을 성실히 납부하여야 합니다.",0,,,
제4장 서비스 이용,제18조 (이용상품),"③ 제1항의 유료 게임서비스 이용과 관련하여, 회원이 선택한 유료 게임서비스 이용신청 후, 다음 각 호에 해당하는 사항을 준수하여야 합니다.2. 유료 게임서비스 이용을 신청한 회원은 게임서비스 이용요금을 신청 후 회사에서 제공하는 방법으로 지급하여야 합니다. 다만, 회사가 무통장입금의 방식을 제공하고 회원이 무통장입금의 방식으로 이용요금 지급을 신청한 경우에는 회원은 신청 완료 후 3일 이내에 해당 금액을 입금하여야 하며, 3일 이내에 입금하지 않을 시에는 그 신청을 철회한 것으로 봅니다.",0,,,
제4장 서비스 이용,제18조 (이용상품),"④ 회사는 민법상 미성년자인 회원이 결제가 필요한 유료 게임서비스를 이용하고자 하는 경우 부모 등 법정 대리인의 동의를 얻어야 하고, 동의 없이 이루어진 유료 게임서비스 이용은 법정대리인이 취소할 수 있다는 내용을 유료 게임서비스 이용을 위한 결제 전에 고지하도록 합니다. 다만, 회사는 법정대리인의 동의 절차 부재로 인해 METIN 게임서비스에 한해서는 미성년자의 유료 게임서비스 이용을 금지할 수 있습니다.",0,,,
제4장 서비스 이용,제19조 (캐시의 충전 및 사용),① 캐시의 충전은 회사가 사전에 공지한 결제방식 및 결제한도 내에서 가능합니다.,0,,,
제4장 서비스 이용,제19조 (캐시의 충전 및 사용),② 캐시는 유료 게임서비스 구매 및 타 회원에게 선물하기 의사를 밝힌 시점에서 즉시 차감됩니다.,0,,,
제4장 서비스 이용,제19조 (캐시의 충전 및 사용),③ 캐시의 유효기간은 다음과 같으며 기간의 경과 시 자동으로 소멸됩니다.,0,,,
제4장 서비스 이용,제19조 (캐시의 충전 및 사용),"③ 캐시의 유효기간은 다음과 같으며 기간의 경과 시 자동으로 소멸됩니다.1. 유료 캐시의 경우, 충전일로부터 5년.",0,,,
제4장 서비스 이용,제19조 (캐시의 충전 및 사용),"③ 캐시의 유효기간은 다음과 같으며 기간의 경과 시 자동으로 소멸됩니다.2. 보너스 캐시의 경우, 지급일로부터 1년 또는 회사가 캐시 지급 시 사전에 고지한 기간 중 먼저 도래하는 기간. 다만, 유료 캐시 충전 시에 지급된 보너스 캐시는 해당 유료 캐시의 결제취소, 환불 등의 사유로 전부 소멸될 수 있습니다.",0,,,
제4장 서비스 이용,제19조 (캐시의 충전 및 사용),"③ 캐시의 유효기간은 다음과 같으며 기간의 경과 시 자동으로 소멸됩니다.3. 선물 받은 캐시의 경우, 수령의사를 밝힌 날로부터 1년 또는 회사가 캐시 수령 시 사전에 고지한 기간 중 먼저 도래하는 기간.",1,(1) 수령거부 및 수령거부 간주에 대한 내용이 없어 아이템 선물 시 계약당사자의 권리 제한,1,(1) 수령거부 및 수령거부 간주에 대한 내용이 없어 아이템 선물 시 계약당사자의 권리 제한
제4장 서비스 이용,제19조 (캐시의 충전 및 사용),④ 선물하기 절차가 완료된 캐시의 경우에는 결제취소 및 환불이 제한됩니다.,1,(1) 아이템 선물 시 계약당사자의 권리 제한,1,(1) 아이템 선물 시 계약당사자의 권리 제한
제4장 서비스 이용,제19조 (캐시의 충전 및 사용),⑤ 미사용 캐시에 대한 이자 수익은 발생하지 아니합니다.,0,,,
제4장 서비스 이용,제19조 (캐시의 충전 및 사용),⑥ 회사는 회원의 귀책사유로 캐시 충전에 대한 결제 승인이 불가능하다고 판단한 경우 또는 다음과 같은 경우에 캐시 충전 신청에 대해서 승인을 하지 않거나 사후에 승인을 취소할 수 있습니다.,0,,,
제4장 서비스 이용,제19조 (캐시의 충전 및 사용),⑥ 회사는 회원의 귀책사유로 캐시 충전에 대한 결제 승인이 불가능하다고 판단한 경우 또는 다음과 같은 경우에 캐시 충전 신청에 대해서 승인을 하지 않거나 사후에 승인을 취소할 수 있습니다.1. 이용요금을 정상적으로 결제 완료하지 못한 경우,0,,,
제4장 서비스 이용,제19조 (캐시의 충전 및 사용),⑥ 회사는 회원의 귀책사유로 캐시 충전에 대한 결제 승인이 불가능하다고 판단한 경우 또는 다음과 같은 경우에 캐시 충전 신청에 대해서 승인을 하지 않거나 사후에 승인을 취소할 수 있습니다.2. 민법상 미성년자가 법정대리인의 동의 없이 충전을 신청한 경우,0,,,
제4장 서비스 이용,제19조 (캐시의 충전 및 사용),⑥ 회사는 회원의 귀책사유로 캐시 충전에 대한 결제 승인이 불가능하다고 판단한 경우 또는 다음과 같은 경우에 캐시 충전 신청에 대해서 승인을 하지 않거나 사후에 승인을 취소할 수 있습니다.3. 타인 명의를 도용하여 결제한 경우,0,,,
제4장 서비스 이용,제19조 (캐시의 충전 및 사용),⑥ 회사는 회원의 귀책사유로 캐시 충전에 대한 결제 승인이 불가능하다고 판단한 경우 또는 다음과 같은 경우에 캐시 충전 신청에 대해서 승인을 하지 않거나 사후에 승인을 취소할 수 있습니다.4. 그 밖에 1호 내지 3호에 준하는 사유로서 승인이 부적절하다고 판단되는 경우,0,,,
제4장 서비스 이용,제19조 (캐시의 충전 및 사용),⑦ 회사는 다음 각 호에 해당하는 사유가 발생한 경우에는 회원의 캐시 충전 신청에 대한 승인을 유보할 수 있습니다.,0,,,
제4장 서비스 이용,제19조 (캐시의 충전 및 사용),⑦ 회사는 다음 각 호에 해당하는 사유가 발생한 경우에는 회원의 캐시 충전 신청에 대한 승인을 유보할 수 있습니다.1. 게임서비스 설비가 부족하여 만족스러운 게임서비스 제공이 어렵다고 판단되는 경우.,0,,,
제4장 서비스 이용,제19조 (캐시의 충전 및 사용),⑦ 회사는 다음 각 호에 해당하는 사유가 발생한 경우에는 회원의 캐시 충전 신청에 대한 승인을 유보할 수 있습니다.2. 게임서비스 상의 장애가 발생하였을 경우.,0,,,
제4장 서비스 이용,제19조 (캐시의 충전 및 사용),⑧ 회원은 캐시 충전 내역을 캐시 충전 내역 페이지를 통해 수시로 확인하실 수 있습니다.,0,,,
제4장 서비스 이용,제20조 (무료포인트),"① 회사는 회원의 유료 게임서비스 이용실적에 따라 포인트를 제공할 수 있으며, 회사가 정한 유효기간 내에 사용되지 않은 포인트는 소멸될 수 있습니다.",0,,,
제4장 서비스 이용,제20조 (무료포인트),"② 무료포인트의 적립에 오류가 있을 경우 회원은 상당기간 내에 정정 신청을 할 수 있으며, 회사는 확인절차를 거친 후 결과에 대하여 고지하고 필요한 경우 무료포인트에 정정 조치를 취할 수 있습니다.",0,,,
제4장 서비스 이용,제20조 (무료포인트),"③ 회사는 경영상, 기술상 이유로 사전고지 후 무료포인트 서비스를 종료할 수 있으며, 회사는 사전고지를 최소한 1개월 전에 하여야 합니다. 이 경우 사전에 고지한 서비스 종료일까지 사용되지 않은 기적립된 무료포인트는 소멸됩니다.",0,,,
제4장 서비스 이용,제20조 (무료포인트),④ 현행 법령 및 중대한 약관 위반 등 회원의 귀책사유로 이용계약이 해지되는 경우 무료포인트는 소멸됩니다.,0,,,
제4장 서비스 이용,제21조 (저작권 등의 귀속),"① 게임서비스 내 회사가 제작한 콘텐츠에 대한 저작권 기타 지적재산권은 회사의 소유이며, 회원은 회사가 정한 조건 하에서의 이용권한만을 부여 받습니다.",0,,,
제4장 서비스 이용,제21조 (저작권 등의 귀속),"② 회원은 회사가 제공하는 게임서비스를 이용함으로써 얻은 정보 중 회사 또는 제공업체에 지적재산권이 귀속된 정보를 회사 또는 제공업체의 사전승낙 없이 복제, 전송, 출판, 배포, 방송 기타 이 약관 및 회사가 정책으로 금지하는 목적을 위한 방법 및 영리목적으로 이용하거나 제3자에게 이용하게 하여서는 아니됩니다.",0,,,
제4장 서비스 이용,제21조 (저작권 등의 귀속),③ 이 약관에서 규정한 사유로 게임서비스 이용계약이 종료되는 경우 회원은 게임 클라이언트를 포함한 본 조 제1항의 모든 콘텐츠를 지체 없이 삭제하여야 합니다.,0,,,
제4장 서비스 이용,제21조 (저작권 등의 귀속),"④ 회원은 게임 내에서 보여지거나 게임서비스와 관련하여 회원 또는 다른 이용자가 게임 클라이언트 또는 게임서비스를 통해 업로드 또는 전송하는 대화 텍스트를 포함한 커뮤니케이션, 이미지, 사운드 및 모든 자료 및 정보(이하 '이용자 콘텐츠'라 합니다)에 대하여 회사가 다음과 같은 방법과 조건으로 이용하는 것을 허락합니다.",0,,,
제4장 서비스 이용,제21조 (저작권 등의 귀속),"④ 회원은 게임 내에서 보여지거나 게임서비스와 관련하여 회원 또는 다른 이용자가 게임 클라이언트 또는 게임서비스를 통해 업로드 또는 전송하는 대화 텍스트를 포함한 커뮤니케이션, 이미지, 사운드 및 모든 자료 및 정보(이하 '이용자 콘텐츠'라 합니다)에 대하여 회사가 다음과 같은 방법과 조건으로 이용하는 것을 허락합니다.1. 해당 이용자 콘텐츠를 이용, 편집 형식의 변경 및 기타 변형하는 것(공표, 복제, 공연, 전송, 배포, 방송, 2차적 저작물 작성 등 어떠 한 형태로든 이용 가능하며, 이용기간과 지역에는 제한이 없음)",0,,,
제4장 서비스 이용,제21조 (저작권 등의 귀속),"④ 회원은 게임 내에서 보여지거나 게임서비스와 관련하여 회원 또는 다른 이용자가 게임 클라이언트 또는 게임서비스를 통해 업로드 또는 전송하는 대화 텍스트를 포함한 커뮤니케이션, 이미지, 사운드 및 모든 자료 및 정보(이하 '이용자 콘텐츠'라 합니다)에 대하여 회사가 다음과 같은 방법과 조건으로 이용하는 것을 허락합니다.2. 다만, 이용자 콘텐츠를 제작한 회원의 사전 동의 없이 영리를 목적으로 이용자 콘텐츠를 판매, 대여, 양도 행위를 하지 않음",0,,,
제4장 서비스 이용,제21조 (저작권 등의 귀속),"⑤ 게임 내에서 보여지지 않고 게임서비스와 일체화 되지 않은 회원의 이용자 콘텐츠(예: 일반게시판 등에서의 게시물)에 대하여 회사는 회원의 명시적인 동의가 없이 상업적으로 이용하지 않으며, 회원은 언제든지 이러한 이용자 콘텐츠를 삭제할 수 있습니다.",0,,,
제4장 서비스 이용,제21조 (저작권 등의 귀속),"⑥ 회사는 회원이 게시하거나 등록하는 게임서비스 내의 게시물, 게시 내용에 대해 제13조에서 규정하는 금지행위에 해당된다고 판단되는 경우, 사전통지 없이 이를 삭제하거나 이동 또는 등록을 거부할 수 있습니다.",0,,1,배달앱 사업자 - 회원이 작성한 게시물을 사전통보 없이 영구적으로 삭제가 가능하도록 하는 불공정조항
제4장 서비스 이용,제21조 (저작권 등의 귀속),"⑦ 회사가 운영하는 게시판 등에 게시된 정보로 인하여 법률상 이익이 침해된 회원은 회사에게 당해 정보의 삭제 또는 반박내용의 게재를 요청할 수 있습니다. 이 경우 회사는 신속하게 필요한 조치를 취하고, 이를 신청인에게 통지합니다.",0,,,
제4장 서비스 이용,제21조 (저작권 등의 귀속),⑧ 본 조 제4항은 회사가 게임서비스를 운영하는 동안 유효하며 회원탈퇴 및 계정 이용제한 후에도 지속적으로 적용됩니다.,0,,,
제4장 서비스 이용,제22조 (컴퓨터 프로그램의 설치),"① 회사는 원활한 게임서비스를 제공하기 위해 필수적인 개별 게임 클라이언트, 보안프로그램, 결제 모듈 등 게임서비스 이용에 필요한 컴퓨터 프로그램을 회원으로부터 이 약관에 대한 동의를 얻음으로써 설치하거나 변경 또는 업데이트를 할 수 있습니다.",0,,,
제4장 서비스 이용,제22조 (컴퓨터 프로그램의 설치),"② 회사는 보다 안정적이고 보안이 강화된 고품질의 게임서비스를 제공하기 위한 멀티캐스팅, Digital Right Management, Grid Computing과 같은 적절한 기술을 적용할 수 있으며 이를 위해 회원의 PC에 회사가 의도하는 컴퓨터 프로그램이 설치될 수 있습니다. 또한 이 기술에는 게임서비스 이용 중 회원의 컴퓨팅 자원을 제한적으로 전체 시스템의 측면에서 운용하여 게임서비스의 품질을 높이는 기술이 포함될 수 있습니다.",0,,,
제4장 서비스 이용,제23조 (테스트 목적 게임서비스),① 회사는 새로운 게임서비스를 정식으로 상용화하기 전에 이용자들을 대상으로 일정 기간 테스트 목적의 게임서비스(이하 “베타서비스”라 합니다)를 제공할 수 있습니다.,0,,,
제4장 서비스 이용,제23조 (테스트 목적 게임서비스),"② 베타서비스는 해당 게임서비스의 안정성 등을 위해 게임 데이터의 변경, 추가, 삭제 등이 실시될 수 있으며, 이는 복구가 불가능합니다. 또한 테스트 기간 동안 이용자가 취득한 아이템, 게임머니, 캐릭터 등은 기간 종료 후 초기화 될 수 있습니다.",0,,,
제4장 서비스 이용,제23조 (테스트 목적 게임서비스),③ 베타서비스 진행 중 예상치 못한 문제가 발생할 경우에는 회사는 사전 통지 없이 베타서비스를 중단할 수 있습니다.,0,,,
제4장 서비스 이용,제23조 (테스트 목적 게임서비스),"④ 회사는 베타서비스 시, 오류 사항의 발견과 게임서비스 안정화를 위해 이용자가 사용하는 PC의 시스템 사양 정보를 수집할 수 있습니다. 이는 PC의 사양 정보만을 확인하여 안정성 있는 서비스를 만들고자 함입니다.",0,,,
제4장 서비스 이용,제23조 (테스트 목적 게임서비스),"⑤ 베타서비스를 이용하는 이용자는 게임의 고유정보를 회사의 허가 없이 상업적인 목적으로 무단 사용할 수 없습니다. 이를 위반할 경우 이에 대해 회사가 민사상 손해배상이나 기타 법적인 조치를 취할 수 있으며, 관련 법령에 따라 법적인 제재를 받을 수 있습니다.",0,,,
"제5장 청약철회, 계약의 해지 및 이용제한",제24조 (청약철회),① 캐시를 사용하여 회사의 유료 게임서비스를 구매한 회원은 유료 게임서비스 구매일 또는 유료 게임서비스 이용가능일로부터 7일 이내에는 청약의 철회를 할 수 있습니다.,0,,,
"제5장 청약철회, 계약의 해지 및 이용제한",제24조 (청약철회),② 회원이 직접 구매하여 충전한 캐시는 충전일로부터 5년 이내에 청약을 철회할 수 있습니다.,0,,,
"제5장 청약철회, 계약의 해지 및 이용제한",제24조 (청약철회),③ 회원은 다음 각 호의 어느 하나에 해당하는 경우에는 회사의 의사에 반하여 제1항 및 제2항에 따른 청약철회 등을 할 수 없습니다.,0,,,
"제5장 청약철회, 계약의 해지 및 이용제한",제24조 (청약철회),③ 회원은 다음 각 호의 어느 하나에 해당하는 경우에는 회사의 의사에 반하여 제1항 및 제2항에 따른 청약철회 등을 할 수 없습니다.1. 회원에게 책임이 있는 사유로 캐시 또는 유료 게임서비스의 콘텐츠 등이 멸실되거나 훼손된 경우,0,,,
"제5장 청약철회, 계약의 해지 및 이용제한",제24조 (청약철회),"③ 회원은 다음 각 호의 어느 하나에 해당하는 경우에는 회사의 의사에 반하여 제1항 및 제2항에 따른 청약철회 등을 할 수 없습니다.2. 회원이 캐시로 구매한 유료 게임서비스의 사용을 개시한 경우(아이템 등을 보관함으로부터 이동시킨 경우 및 선물하기가 완료된 캐시의 경우, 사용으로 간주함)",1,(1) 수령의사표시와 상관없이 선물한 아이템을 사용한 것으로 보아 계약당사자의 권리를 부당하게 침해,1,(1) 수령의사표시와 상관없이 선물한 아이템을 사용한 것으로 보아 계약당사자의 권리를 부당하게 침해
"제5장 청약철회, 계약의 해지 및 이용제한",제24조 (청약철회),③ 회원은 다음 각 호의 어느 하나에 해당하는 경우에는 회사의 의사에 반하여 제1항 및 제2항에 따른 청약철회 등을 할 수 없습니다.3. 시간이 지나 다시 판매하기 곤란할 경우,0,,,
"제5장 청약철회, 계약의 해지 및 이용제한",제24조 (청약철회),③ 회원은 다음 각 호의 어느 하나에 해당하는 경우에는 회사의 의사에 반하여 제1항 및 제2항에 따른 청약철회 등을 할 수 없습니다.4. 그 밖에 거래의 안전을 위하여 법령으로 정하는 경우,0,,,
"제5장 청약철회, 계약의 해지 및 이용제한",제24조 (청약철회),④ 회사는 본 조 제3항 2호부터 3호까지 규정에 따라 청약철회 등이 불가능한 캐시 또는 유료 게임서비스 등의 경우에는 그 사실을 캐시 또는 유료 게임서비스 등의 상품설명서나 그 밖에 회원이 쉽게 알 수 있는 곳에 명확하게 적시하거나 시험 사용 상품을 제공하는 등의 방법으로 청약철회 등의 권리 행사가 방해 받지 아니하도록 조치하여야 합니다. 만약 회사가 이러한 조치를 하지 아니한 경우에는 제3항 2호 내지 3호의 청약철회 제한사유에도 불구하고 회원은 청약철회를 할 수 있습니다.,0,,,
"제5장 청약철회, 계약의 해지 및 이용제한",제24조 (청약철회),"⑤ 회원은 제1항 내지 제4항의 규정에도 불구하고 캐시 또는 유료 게임서비스 등의 내용이 표시ㆍ광고 내용과 다르거나 계약내용과 다르게 이행된 경우에는 캐시의 충전일 또는 유료 게임서비스의 구매일이나 이용가능일로부터 3월 이내, 그 사실을 안 날 또는 알 수 있었던 날부터 30일 이내에 청약철회를 할 수 있습니다.",0,,,
"제5장 청약철회, 계약의 해지 및 이용제한",제24조 (청약철회),"⑥ 회원은 구두 또는 서면(전자문서 포함), 전자우편으로 청약철회를 할 수 있습니다.",0,,,
"제5장 청약철회, 계약의 해지 및 이용제한",제25조(환불 및 청약철회 등의 효과),"①  회원이 충전한 캐시 또는 캐시로 구매한 유료 게임서비스에 대하여 청약철회를 한 경우 회사는 지체 없이 회원의 캐시 또는 유료 게임서비스를 회수하거나 삭제하고 캐시 또는 유료 게임서비스를 삭제하거나 회수한 날로부터 3영업일 이내에 지급받은 대금(캐시를 충전한 금액) 또는 캐시(유료 게임서비스를 구매하기 위하여 사용한 캐시)를 환불합니다. 다만, 회사는 은행이체 및 결제대행 수수료 등의 사유로 대금(캐시를 충전한 금액)을 환불하는 경우에는 현재 남아있는 캐시 잔액의 10% 이내 금액 또는 캐시 잔액이 10,000원 이내인 경우에는 일정 금액(은행이체 및 결제대행 수수료 상당액)을 공제하고 남은 금액을 환불하여 드립니다. 일정 금액을 공제하는 경우 남은 금액이 공제 금액보다 적은 경우에는 환불할 수 없습니다.",0,,,
"제5장 청약철회, 계약의 해지 및 이용제한",제25조(환불 및 청약철회 등의 효과),"② 캐시를 사용하여 계속적 유료 게임서비스 이용계약을 체결한 회원이 청약철회의 의사표시를 한 경우, 제24조 제1항 및 제3항 2호에도 불구하고, 회사는 이미 사용한 부분에 해당하는 캐시와 합리적인 범위 내에서 부과하는 수수료(예: 잔여캐시의 10% 이내에 해당하는 캐시 또는 금액)를 공제한 후 잔여 캐시를 환불할 수 있습니다. 다만, 계속적 유료 게임서비스 구매일 또는 계속적 유료 게임서비스 이용가능일로부터 7일 이내에 청약철회를 한 경우에는 별도의 수수료를 부과하지 아니합니다.",0,,,
"제5장 청약철회, 계약의 해지 및 이용제한",제25조(환불 및 청약철회 등의 효과),"③ 회사는 대금(캐시를 충전한 금액)을 환불함에 있어서 회원이 신용카드나 그 밖에 「전자상거래등에서의소비자보호에관한법률」 시행령으로 정하는 결제수단으로 대금(캐시를 충전한 금액)을 지급한 때에는 지체 없이 당해 결제수단을 제공한 사업자로 하여금 대금(캐시를 충전한 금액)의 청구를 정지 또는 취소하도록 요청합니다. 다만, 회사가 결제업자로부터 이미 대금(캐시를 충전한 금액)을 지급받은 때에는 이를 결제업자에게 환불하고 이를 회원에게 통지합니다.",0,,,
"제5장 청약철회, 계약의 해지 및 이용제한",제25조(환불 및 청약철회 등의 효과),"④ 도서문화상품권, 스마트문상(게임문화상품권), 해피머니 상품권, 문화 상품권, BC TOP포인트 및 회사가 사전에 공지한 결제수단으로 충전한 캐시는 현금화 방지를 위해 청약철회 및 환불이 불가능하며, 보너스 캐시 및 선물 받은 캐시 또한 현금으로 교환되지 않습니다.",0,,,
"제5장 청약철회, 계약의 해지 및 이용제한",제25조(환불 및 청약철회 등의 효과),⑤ 회사는 회원에게 청약철회를 이유로 위약금 또는 손해배상을 청구할 수 없습니다. 다만 본 조 제2항의 경우에는 예외로 합니다.,0,,,
"제5장 청약철회, 계약의 해지 및 이용제한",제25조(환불 및 청약철회 등의 효과),"⑥ 현행 법령 및 약관 위반 등 회원의 귀책사유로 이용계약을 해지하는 경우 청약철회, 환불이 제한될 수 있습니다.",0,,,
"제5장 청약철회, 계약의 해지 및 이용제한",제26조 (회원의 게임서비스 이용계약 해지),"① 회원은 게임서비스 이용계약을 해지(이하 '회원탈퇴'라 합니다)할 수 있습니다. 회원이 회원탈퇴를 신청한 경우 회사는 회원 본인 여부를 확인할 수 있으며, 해당 회원이 본인으로 확인되는 경우에 회원의 신청에 따른 조치를 취합니다.",0,,,
"제5장 청약철회, 계약의 해지 및 이용제한",제26조 (회원의 게임서비스 이용계약 해지),② 회원이 회원탈퇴를 원하는 경우에는 회사의 고객센터 및 게임서비스 내 회원탈퇴 절차를 통하여 회원탈퇴를 할 수 있습니다.,0,,,
"제5장 청약철회, 계약의 해지 및 이용제한",제27조 (회사의 게임서비스 이용계약 해지),"① 회사는 회원이 이 약관에서 정한 회원의 의무를 위반한 경우에는 회원에 대한 사전 통보 후 게임서비스 이용계약을 해지할 수 있습니다. 다만, 회원이 현행법 위반 및 고의 또는 중대한 과실로 회사에 손해를 입힌 경우에는 회원의 모든 계정에 대하여 사전 통보 없이 게임서비스 이용계약을 해지할 수 있습니다.",0,,,
"제5장 청약철회, 계약의 해지 및 이용제한",제27조 (회사의 게임서비스 이용계약 해지),② 회사는 회원의 개인정보 보호 및 계정도용 방지를 위해 1년간 한번도 접속하지 아니한 계정에 대하여 게임서비스 이용계약을 해지하고 관련 정보를 삭제할 수 있습니다.,0,,,
"제5장 청약철회, 계약의 해지 및 이용제한",제27조 (회사의 게임서비스 이용계약 해지),"③ 회사가 게임서비스 이용계약을 해지하는 경우 회사는 회원에게 서면, 전자우편 또는 이에 준하는 방법으로 다음 각 호의 사항을 회원에게 통보합니다.",0,,,
"제5장 청약철회, 계약의 해지 및 이용제한",제27조 (회사의 게임서비스 이용계약 해지),"③ 회사가 게임서비스 이용계약을 해지하는 경우 회사는 회원에게 서면, 전자우편 또는 이에 준하는 방법으로 다음 각 호의 사항을 회원에게 통보합니다.1. 해지사유",0,,,
"제5장 청약철회, 계약의 해지 및 이용제한",제27조 (회사의 게임서비스 이용계약 해지),"③ 회사가 게임서비스 이용계약을 해지하는 경우 회사는 회원에게 서면, 전자우편 또는 이에 준하는 방법으로 다음 각 호의 사항을 회원에게 통보합니다.2. 해지일",0,,,
"제5장 청약철회, 계약의 해지 및 이용제한",제27조 (회사의 게임서비스 이용계약 해지),"④ 본 조 제1항 단서의 경우, 회원은 유료 게임서비스의 사용권한을 상실하고 이로 인한 환불 및 손해배상을 청구할 수 없습니다.",0,,,
"제5장 청약철회, 계약의 해지 및 이용제한",제28조 (회원에 대한 게임서비스 이용제한),① 회사는 회원에게 다음 각 호의 구분에 따라 회원의 게임서비스 이용을 제한할 수 있습니다. 이용제한이 이루어지는 구체적인 회원의 의무위반 사유는 제30조에 따라 개별 게임의 운영정책에서 정하기로 합니다.,0,,,
"제5장 청약철회, 계약의 해지 및 이용제한",제28조 (회원에 대한 게임서비스 이용제한),① 회사는 회원에게 다음 각 호의 구분에 따라 회원의 게임서비스 이용을 제한할 수 있습니다. 이용제한이 이루어지는 구체적인 회원의 의무위반 사유는 제30조에 따라 개별 게임의 운영정책에서 정하기로 합니다.1. 캐릭터 일부 권한 제한 : 일정기간 캐릭터의 채팅 등 일정 권한을 제한,0,,,
"제5장 청약철회, 계약의 해지 및 이용제한",제28조 (회원에 대한 게임서비스 이용제한),① 회사는 회원에게 다음 각 호의 구분에 따라 회원의 게임서비스 이용을 제한할 수 있습니다. 이용제한이 이루어지는 구체적인 회원의 의무위반 사유는 제30조에 따라 개별 게임의 운영정책에서 정하기로 합니다.2. 캐릭터 이용제한 : 일정기간 또는 영구히 회원 캐릭터의 이용을 제한,0,,,
"제5장 청약철회, 계약의 해지 및 이용제한",제28조 (회원에 대한 게임서비스 이용제한),① 회사는 회원에게 다음 각 호의 구분에 따라 회원의 게임서비스 이용을 제한할 수 있습니다. 이용제한이 이루어지는 구체적인 회원의 의무위반 사유는 제30조에 따라 개별 게임의 운영정책에서 정하기로 합니다.3. 계정 이용제한 : 일정기간 또는 영구히 회원 계정의 이용을 제한,0,,,
"제5장 청약철회, 계약의 해지 및 이용제한",제28조 (회원에 대한 게임서비스 이용제한),① 회사는 회원에게 다음 각 호의 구분에 따라 회원의 게임서비스 이용을 제한할 수 있습니다. 이용제한이 이루어지는 구체적인 회원의 의무위반 사유는 제30조에 따라 개별 게임의 운영정책에서 정하기로 합니다.4. 회원 이용제한 : 일정기간 또는 영구히 회원의 게임서비스 이용을 제한,0,,,
"제5장 청약철회, 계약의 해지 및 이용제한",제28조 (회원에 대한 게임서비스 이용제한),② 회사의 이용제한이 정당한 경우에 회사는 이용제한으로 인하여 회원이 입은 손해를 배상하지 않습니다.,0,,,
"제5장 청약철회, 계약의 해지 및 이용제한",제29조 (잠정조치로서의 이용제한),① 회사는 다음 각 호에 해당하는 문제에 대한 조사가 완료될 때까지 회원의 계정을 정지할 수 있습니다.,0,,,
"제5장 청약철회, 계약의 해지 및 이용제한",제29조 (잠정조치로서의 이용제한),① 회사는 다음 각 호에 해당하는 문제에 대한 조사가 완료될 때까지 회원의 계정을 정지할 수 있습니다.1. 계정이 해킹 또는 도용당하였다는 정당한 신고가 접수된 경우,0,,,
"제5장 청약철회, 계약의 해지 및 이용제한",제29조 (잠정조치로서의 이용제한),"① 회사는 다음 각 호에 해당하는 문제에 대한 조사가 완료될 때까지 회원의 계정을 정지할 수 있습니다.2. 불법프로그램 사용자, 작업장 등 위법행위자로 합리적으로 의심되는 경우",0,,,
"제5장 청약철회, 계약의 해지 및 이용제한",제29조 (잠정조치로서의 이용제한),① 회사는 다음 각 호에 해당하는 문제에 대한 조사가 완료될 때까지 회원의 계정을 정지할 수 있습니다.3. 그 밖에 위 각 호에 준하는 사유로 계정의 잠정조치가 필요한 경우,0,,,
"제5장 청약철회, 계약의 해지 및 이용제한",제29조 (잠정조치로서의 이용제한),"② 본 조 제1항의 경우 회사는 조사가 완료된 후 게임서비스 이용기간에 비례하여 일정액을 지급하여 이용하는 회원에게 정지된 기간만큼 회원의 게임서비스 이용기간을 연장합니다. 다만, 본 조 제1항에 의한 위법행위자로 판명된 경우에는 그러하지 아니합니다.",0,,,
"제5장 청약철회, 계약의 해지 및 이용제한",제30조 (이용제한의 사유와 절차),"① 회사는 위반행위의 내용, 정도, 횟수, 결과 등 제반사정을 고려하여 이용제한이 이루어지는 구체적인 사유 및 절차를 운영정책으로 정합니다.",0,,,
"제5장 청약철회, 계약의 해지 및 이용제한",제30조 (이용제한의 사유와 절차),② 회사가 제28조에서 정한 이용제한을 하는 경우에는 회원에게 서면 또는 전자우편이나 각 게임서비스별 홈페이지 또는 회사의 홈페이지(www.webzen.co.kr)에 게재하는 방법으로 다음 각 호의 사항을 회원에게 통보합니다.,0,,,
"제5장 청약철회, 계약의 해지 및 이용제한",제30조 (이용제한의 사유와 절차),② 회사가 제28조에서 정한 이용제한을 하는 경우에는 회원에게 서면 또는 전자우편이나 각 게임서비스별 홈페이지 또는 회사의 홈페이지(www.webzen.co.kr)에 게재하는 방법으로 다음 각 호의 사항을 회원에게 통보합니다.1. 이용제한 사유,0,,,
"제5장 청약철회, 계약의 해지 및 이용제한",제30조 (이용제한의 사유와 절차),② 회사가 제28조에서 정한 이용제한을 하는 경우에는 회원에게 서면 또는 전자우편이나 각 게임서비스별 홈페이지 또는 회사의 홈페이지(www.webzen.co.kr)에 게재하는 방법으로 다음 각 호의 사항을 회원에게 통보합니다.2. 이용제한 유형 및 기간,0,,,
"제5장 청약철회, 계약의 해지 및 이용제한",제30조 (이용제한의 사유와 절차),② 회사가 제28조에서 정한 이용제한을 하는 경우에는 회원에게 서면 또는 전자우편이나 각 게임서비스별 홈페이지 또는 회사의 홈페이지(www.webzen.co.kr)에 게재하는 방법으로 다음 각 호의 사항을 회원에게 통보합니다.3. 이용제한에 대한 이의신청 방법,0,,,
"제5장 청약철회, 계약의 해지 및 이용제한",제31조 (이용제한에 대한 이의신청 절차),"① 회원이 회사의 이용제한에 불복하고자 할 때에는 통보를 받은 날로부터 15일 이내에 회사의 이용제한에 불복하는 이유를 기재한 이의신청서를 서면, 전자우편 또는 이에 준하는 방법으로 회사에 제출하여야 합니다.",0,,,
"제5장 청약철회, 계약의 해지 및 이용제한",제31조 (이용제한에 대한 이의신청 절차),"② 제1항의 이의신청서를 접수한 회사는 접수한 날로부터 15일 이내에 회원의 불복 이유에 대하여 서면, 전자우편 또는 이에 준하는 방법으로 답변하여야 합니다. 다만, 회사는 15일 이내에 답변이 곤란한 경우 회원에게 그 사유와 처리일정을 통보합니다.",0,,,
"제5장 청약철회, 계약의 해지 및 이용제한",제31조 (이용제한에 대한 이의신청 절차),③ 회사는 위 답변 내용에 따라 상응하는 조치를 취하여야 합니다.,0,,,
제6장 손해배상 및 면책 등,제32조 (손해배상),"① 회사가 고의 또는 중과실로 회원에게 손해를 끼친 경우, 회사는 회원의 손해에 대하여 배상할 책임이 있습니다.",0,,,
제6장 손해배상 및 면책 등,제32조 (손해배상),"② 회원이 이 약관을 위반하여 회사에 손해를 끼친 경우, 회원은 회사의 손해에 대하여 배상할 책임이 있습니다.",1,(9) 고객에게 모든 손해를 배상시키는 조항/회사의 귀책사유 면책 필요 ,1,(9) 고객에게 모든 손해를 배상시키는 조항/회사의 귀책사유 면책 필요 
제6장 손해배상 및 면책 등,제33조 (과오금),"① 회사는 과오금이 발생한 경우 이용 대금(캐시를 충전한 금액) 또는 캐시(유료 게임서비스를 구매하기 위하여 사용한 캐시)의 결제와 동일한 방법으로 과오금 전액을 환급하여야 합니다. 다만, 동일한 방법으로 환급이 불가능할 때는 이를 사전에 고지합니다.",0,,,
제6장 손해배상 및 면책 등,제33조 (과오금),"② 회사의 책임 있는 사유로 과오금이 발생한 경우 회사는 계약비용, 수수료 등에 관계없이 과오금 전액을 환급합니다. 다만, 회원의 책임 있는 사유로 과오금이 발생한 경우, 회사가 과오금을 환급하는 데 소요되는 비용은 합리적인 범위 내에서 회원이 부담하여야 합니다.",0,,,
제6장 손해배상 및 면책 등,제33조 (과오금),③ 회사는 회원이 주장하는 과오금에 대해 환급을 거부할 경우에 정당하게 이용 대금(캐시를 충전한 금액) 또는 캐시(유료 게임서비스를 구매하기 위하여 사용한 캐시)가 부과되었음을 입증할 책임을 집니다.,0,,,
제6장 손해배상 및 면책 등,제34조 (회사의 면책),"① 회사는 전시, 사변, 천재지변, 비상사태, 현재의 기술로는 해결이 불가능한 기술적 결함 기타 불가항력적 사유로 게임서비스를 제공할 수 없는 경우에는 책임이 면제됩니다.",0,,,
제6장 손해배상 및 면책 등,제34조 (회사의 면책),"② 회사는 회원의 귀책사유로 인한 게임서비스의 중지, 이용장애 및 계약해지에 대하여 책임이 면제됩니다.",0,,,
제6장 손해배상 및 면책 등,제34조 (회사의 면책),③ 회사는 기간통신 사업자가 전기통신서비스를 중지하거나 정상적으로 제공하지 아니하여 회원에게 손해가 발생한 경우에 대해서 회사의 고의 또는 중대한 과실이 없는 한 책임이 면제됩니다.,0,,,
제6장 손해배상 및 면책 등,제34조 (회사의 면책),"④ 회사는 사전에 공지된 게임서비스용 설비의 보수, 교체, 정기점검, 공사 등 부득이한 사유로 게임서비스가 중지되거나 장애가 발생한 경우에 대해서 회사의 고의 또는 중대한 과실이 없는 한 책임이 면제됩니다.",0,,,
제6장 손해배상 및 면책 등,제34조 (회사의 면책),⑤ 회사는 회원의 컴퓨터 환경으로 인하여 발생하는 제반 문제 또는 회사의 고의 또는 중대한 과실이 없는 네트워크 환경으로 인하여 발생하는 문제에 대해서 책임이 면제됩니다.,0,,,
제6장 손해배상 및 면책 등,제34조 (회사의 면책),"⑥ 회사는 회원 또는 제3자가 게임서비스 내 또는 웹사이트 상에 게시 또는 전송한 정보, 자료, 사실의 신뢰도, 정확성 등의 내용에 대해서는 회사의 고의 또는 중대한 과실이 없는 한 책임이 면제됩니다.",0,,,
제6장 손해배상 및 면책 등,제34조 (회사의 면책),⑦ 회사는 회원 상호간 또는 회원과 제3자간에 게임서비스를 매개로 발생한 분쟁에 대해 개입할 의무가 없으며 이로 인한 손해를 배상할 책임도 없습니다.,0,,1,아프리카 tv - 손해의 발단이 이용자 또는 제3자에게 있다고 하여도 회사의 귀책사유 및 관리의무 위반에 따른 손해를 면책하여 불공정조항
제6장 손해배상 및 면책 등,제34조 (회사의 면책),⑧ 회사가 제공하는 게임서비스 중 무료 게임서비스의 경우에는 회사의 고의 또는 중대한 과실이 없는 한 회사는 손해배상을 하지 않습니다.,0,,,
제6장 손해배상 및 면책 등,제34조 (회사의 면책),"⑨ 본 게임서비스 중 일부의 게임서비스는 다른 사업자가 제공하는 게임서비스를 통하여 제공될 수 있으며, 회사는 다른 사업자가 제공하는 게임서비스로 인하여 발생한 손해 등에 대해서는 회사의 고의 또는 중대한 과실이 없는 한 책임이 면제됩니다.",0,,,
제6장 손해배상 및 면책 등,제34조 (회사의 면책),"⑩ 회사는 회원이 게임서비스를 이용하며 기대하는 캐릭터, 경험치, 아이템 등의 결과를 얻지 못하거나 상실한 것에 대하여 책임을 지지 않으며, 게임서비스에 대한 취사선택 또는 이용으로 발생하는 손해 등에 대해서 회사의 고의 또는 중대한 과실이 없는 한 책임이 면제됩니다.",0,,,
제6장 손해배상 및 면책 등,제34조 (회사의 면책),"⑪ 회사는 회원의 게임머니, 캐릭터, 아이템, 등급 등의 손실에 대하여 회사의 고의 또는 중대한 과실이 없는 한 책임이 면제됩니다.",0,,1,쿠팡 - 회사의 경과실로 인한 손해를 면책하는 것이 부당하여 불공정조항
제6장 손해배상 및 면책 등,제34조 (회사의 면책),⑫ 회사는 회원의 컴퓨터 오류에 의한 손해가 발생한 경우 또는 신상정보 및 전자우편주소를 부정확하게 기재하거나 미기재하여 손해가 발생한 경우에 대하여 회사의 고의 또는 중대한 과실이 없는 한 책임이 면제됩니다.,0,,,
제6장 손해배상 및 면책 등,제34조 (회사의 면책),"⑬ 회사는 관련 법령, 정부 정책 등에 따라 게임서비스 또는 회원에 따라 게임서비스 이용시간 등을 제한할 수 있으며, 이러한 제한사항 및 제한에 따라 발생하는 게임서비스 이용 관련 제반사항에 대해서는 책임이 면제됩니다.",0,,,
제6장 손해배상 및 면책 등,제35조 (회원의 고충처리 및 분쟁해결),① 회사는 회원의 편의를 고려하여 회원의 의견이나 불만을 제시하는 방법을 각 게임서비스별 홈페이지 또는 회사의 홈페이지(www.webzen.co.kr)에서 안내합니다. 회사는 이러한 회원의 의견이나 불만을 처리하기 위한 전담조직을 운영합니다.,0,,,
제6장 손해배상 및 면책 등,제35조 (회원의 고충처리 및 분쟁해결),"② 회사는 회원으로부터 제기되는 의견이나 불만이 정당하다고 객관적으로 인정될 경우에는 합리적인 기간 내에 이를 신속하게 처리합니다. 다만, 처리에 장기간이 소요되는 경우에는 회원에게 장기간이 소요되는 사유와 처리일정을 각 게임서비스별 홈페이지나 회사의 홈페이지(www.webzen.co.kr) 또는 그 연결화면에 공지하거나 전자우편, 전화 또는 서면 등으로 통보합니다.",0,,,
제6장 손해배상 및 면책 등,제35조 (회원의 고충처리 및 분쟁해결),"③ 회사와 회원간에 분쟁이 발생하여 제3의 분쟁조정기관이 조정할 경우 회사는 이용제한 등 회원에게 조치한 사항을 성실히 증명하고, 조정기관의 조정에 따를 수 있습니다.",0,,,
제6장 손해배상 및 면책 등,제36조 (회원에 대한 통지),"① 회사가 회원에게 통지를 하는 경우 회원이 지정한 전자우편주소, 전자메모 등으로 할 수 있습니다.",0,,,
제6장 손해배상 및 면책 등,제36조 (회원에 대한 통지),② 회사는 회원 전체에게 통지를 하는 경우 7일 이상 회사의 각 게임서비스별 홈페이지나 회사의홈페이지(www.webzen.co.kr) 또는 그 연결화면에 게시하거나 팝업화면 등을 제시함으로써 본 조 제1항의 통지에 갈음할 수 있습니다.,0,,,
제6장 손해배상 및 면책 등,제37조 (재판권 및 준거법),"이 약관은 대한민국 법률에 따라 규율되고 해석되며, 회사와 회원간에 발생한 분쟁으로 소송이 제기되는 경우, 서울중앙지방법원을 관할 법원으로 합니다.",1,(14) 관할법원에 대한 부당한 합의 관련 조항,1,(14) 관할법원에 대한 부당한 합의 관련 조항
